ASIN,Status,Browse Node,title,All Images,Main Image,video,Reviews,Rating,Varations,Deal,Sold By,Bullet Points,BSR-1,BSR-2,BSR-3,description,Price,MRP,Buybox,A+,Storefront Link,Brand Name,Generic Name,availability
B0CBMQLBYH,Suppressed,,,,,,,,,,,,,,,,,,,,,,,
B0B3DNRY95,Suppressed,,,,,,,,,,,,,,,,,,,,,,,
B0CBMRTGF4,Suppressed,,,,,,,,,,,,,,,,,,,,,,,
B00YOF4ZQC,Suppressed,,,,,,,,,,,,,,,,,,,,,,,
B07LD2PMW3,Suppressed,,,,,,,,,,,,,,,,,,,,,,,
B07L4ZVB9B,Suppressed,,,,,,,,,,,,,,,,,,,,,,,
B07Q5GGMF2,Suppressed,,,,,,,,,,,,,,,,,,,,,,,
B07QDLNNP9,Suppressed,,,,,,,,,,,,,,,,,,,,,,,
B07QFPPMB2,Suppressed,,,,,,,,,,,,,,,,,,,,,,,
B07Q93D7SX,Suppressed,,,,,,,,,,,,,,,,,,,,,,,
B07QHB3LFM,Suppressed,,,,,,,,,,,,,,,,,,,,,,,
B07QJ5YMTB,Suppressed,,,,,,,,,,,,,,,,,,,,,,,
B07T4L7MLJ,Suppressed,,,,,,,,,,,,,,,,,,,,,,,
B07QKYQB33,Suppressed,,,,,,,,,,,,,,,,,,,,,,,
B07116T27S,Suppressed,,,,,,,,,,,,,,,,,,,,,,,
B07QLYTFB8,Suppressed,,,,,,,,,,,,,,,,,,,,,,,
B07QMXGG9T,Suppressed,,,,,,,,,,,,,,,,,,,,,,,
B07MBB2LHW,Suppressed,,,,,,,,,,,,,,,,,,,,,,,
B08FJWS289,Suppressed,,,,,,,,,,,,,,,,,,,,,,,
B07QNJ6D1Q,Suppressed,,,,,,,,,,,,,,,,,,,,,,,
B08FNBQKNS,Suppressed,,,,,,,,,,,,,,,,,,,,,,,
B07R5YD9QW,Suppressed,,,,,,,,,,,,,,,,,,,,,,,
B08FJW3NT2,Suppressed,,,,,,,,,,,,,,,,,,,,,,,
B07R5Y6JJB,Suppressed,,,,,,,,,,,,,,,,,,,,,,,
B07T1DJ5GL,Suppressed,,,,,,,,,,,,,,,,,,,,,,,
B07R6QMQFL,Suppressed,,,,,,,,,,,,,,,,,,,,,,,
B07R6QMKWD,Suppressed,,,,,,,,,,,,,,,,,,,,,,,
B07R736C8K,Suppressed,,,,,,,,,,,,,,,,,,,,,,,
B08FJX4JD2,Suppressed,,,,,,,,,,,,,,,,,,,,,,,
B07R7TBJKJ,Suppressed,,,,,,,,,,,,,,,,,,,,,,,
B07T4L7H73,Suppressed,,,,,,,,,,,,,,,,,,,,,,,
B07T4L7X3G,Suppressed,,,,,,,,,,,,,,,,,,,,,,,
B07T6NGVW6,Suppressed,,,,,,,,,,,,,,,,,,,,,,,
B07TSDPYTS,Suppressed,,,,,,,,,,,,,,,,,,,,,,,
B07TSDQGLL,Suppressed,,,,,,,,,,,,,,,,,,,,,,,
B07TTJ5GH9,Suppressed,,,,,,,,,,,,,,,,,,,,,,,
B07TTJ6241,Suppressed,,,,,,,,,,,,,,,,,,,,,,,
B07TVJPRW2,Suppressed,,,,,,,,,,,,,,,,,,,,,,,
B07TVC2SDQ,Suppressed,,,,,,,,,,,,,,,,,,,,,,,
B07TXQLP64,Suppressed,,,,,,,,,,,,,,,,,,,,,,,
B07TWMLD25,Suppressed,,,,,,,,,,,,,,,,,,,,,,,
B08FJVP9FS,Suppressed,,,,,,,,,,,,,,,,,,,,,,,
B07TYVD9R4,Suppressed,,,,,,,,,,,,,,,,,,,,,,,
B07TZR5GHY,Suppressed,,,,,,,,,,,,,,,,,,,,,,,
B07W4PYQH2,Suppressed,,,,,,,,,,,,,,,,,,,,,,,
B07W4R6T53,Suppressed,,,,,,,,,,,,,,,,,,,,,,,
B08FJWS289,Suppressed,,,,,,,,,,,,,,,,,,,,,,,
B07T4L7MLJ,Suppressed,,,,,,,,,,,,,,,,,,,,,,,
B07116T27S,Suppressed,,,,,,,,,,,,,,,,,,,,,,,
B07MBB2LHW,Suppressed,,,,,,,,,,,,,,,,,,,,,,,
B08FJVP9FS,Suppressed,,,,,,,,,,,,,,,,,,,,,,,
B08FJW3NT2,Suppressed,,,,,,,,,,,,,,,,,,,,,,,
B08FJX4JD2,Suppressed,,,,,,,,,,,,,,,,,,,,,,,
B08FJWS289,Suppressed,,,,,,,,,,,,,,,,,,,,,,,
B07T4L7MLJ,Suppressed,,,,,,,,,,,,,,,,,,,,,,,
B07T4L7MLJ,Suppressed,,,,,,,,,,,,,,,,,,,,,,,
B07MBB2LHW,Suppressed,,,,,,,,,,,,,,,,,,,,,,,
B07116T27S,Suppressed,,,,,,,,,,,,,,,,,,,,,,,
B07116T27S,Suppressed,,,,,,,,,,,,,,,,,,,,,,,
B08FNBQKNS,Suppressed,,,,,,,,,,,,,,,,,,,,,,,
B07MBB2LHW,Suppressed,,,,,,,,,,,,,,,,,,,,,,,
B08FJW3NT2,Suppressed,,,,,,,,,,,,,,,,,,,,,,,
B08FNBQKNS,Suppressed,,,,,,,,,,,,,,,,,,,,,,,
B08FJWS289,Suppressed,,,,,,,,,,,,,,,,,,,,,,,
B08FJVP9FS,Suppressed,,,,,,,,,,,,,,,,,,,,,,,
B08FJX4JD2,Suppressed,,,,,,,,,,,,,,,,,,,,,,,
B07T1DJ5GL,Suppressed,,,,,,,,,,,,,,,,,,,,,,,
B0B3DNRY95,Suppressed,,,,,,,,,,,,,,,,,,,,,,,
B0CBMQLBYH,Suppressed,,,,,,,,,,,,,,,,,,,,,,,
